"id","username","profileURL","rating","title","review_url","asin","content","date","format_strip","verified","helpful","videoURL","video_cover_url","imgs","normalImgs"
"RL64F1XZBQGZV","Irene","https://www.amazon.com/gp/profile/amzn1.account.AEMCTDLUBLIEFYOO455DFQUL5DCA/ref=cm_cr_arp_d_gw_btm?ie=UTF8","5","","https://www.amazon.com/gp/customer-reviews/RL64F1XZBQGZV/ref=cm_cr_arp_d_rvw_ttl?ie=UTF8&ASIN=B09V5NPHP3","B09V5NPHP3","The suction is strong, it picks up well on rugs and floors, it is light weight and moves around easily. This is by far the best inexpensive vac I have ever used and far outperforms more expensive ones. The extra bonus for me is how easy it is to clean the dirt chamber. Keeping that clean reduces blow back tremendously. So, unless you are looking for a HEPA vac, this is the way to go. The only downside is that it is corded vs. battery operated, but that is a small price to pay at this price point.","Reviewed in the United States on July 5, 2024","","Verified Purchase","One person found this helpful","","","[]","[]"
"R18Y9HN2BCTJPF","nanypie","https://www.amazon.com/gp/profile/amzn1.account.AFSG7ZARKVIEAVQ5JEYA2GVCKIBA/ref=cm_cr_arp_d_gw_btm?ie=UTF8","5","","https://www.amazon.com/gp/customer-reviews/R18Y9HN2BCTJPF/ref=cm_cr_arp_d_rvw_ttl?ie=UTF8&ASIN=B09V5NPHP3","B09V5NPHP3","I love how light this is.  I have area rugs and it works perfect on them. Easy to empty.  Long cord.  The only thing this does have is an adjustment for carpet heights if that is needed.  Not to mention very easy on the budget!!","Reviewed in the United States on July 4, 2024","","Verified Purchase","One person found this helpful","","","[]","[]"
"R7EEGS2T7R9RK","Ivy C","https://www.amazon.com/gp/profile/amzn1.account.AEW4CRQLPO5L4S7DAXLESEX4E2HQ/ref=cm_cr_arp_d_gw_btm?ie=UTF8","4","","https://www.amazon.com/gp/customer-reviews/R7EEGS2T7R9RK/ref=cm_cr_arp_d_rvw_ttl?ie=UTF8&ASIN=B09V5NPHP3","B09V5NPHP3","I bought this for my Airbnb.  At first I was super impressed because the suction power is good, and it is lightweight.  My living room has a low pile rug, and it worked great here. It also works well on my hardwood However, you cannot adjust according to pile.  Each of my bedrooms has a different type of rug, and I had issues here with it working well. It isn't made for higher pile rugs. Also, after a few uses, the canister lock started malfunctioning, meaning when I removed the canister to dump it, it opened and instead, all the dirt went on my feet and floor.  I have a hard time relocking it.  If you need something for hallways, an office or bare floors, this could work really well for you.  If you have a variety of, or higher pile rugs, look elsewhere.","Reviewed in the United States on June 15, 2024","","Verified Purchase","One person found this helpful","","","[]","[]"
"R1ADG1YD0RLUZV","KimD","https://www.amazon.com/gp/profile/amzn1.account.AGQ7UEWT3VL6U3YB3MQM3CPTW5ZQ/ref=cm_cr_arp_d_gw_btm?ie=UTF8","5","","https://www.amazon.com/gp/customer-reviews/R1ADG1YD0RLUZV/ref=cm_cr_arp_d_rvw_ttl?ie=UTF8&ASIN=B09V5NPHP3","B09V5NPHP3","Oh wow, how much do I love this little vacuum? I loaned my last Bissell to my daughter and then didn‚Äôt have the heart to take it back, so I bought myself this little vacuum after reading the reviews. It was less than $50 on sale and while it‚Äôs small and noisy (and the handle feels a little bit janky, although it seems to hold up okay), man, does it work!! I have had many vacuums over the years, including a fancy Dyson, and this vacuum may be my favorite in terms of suction. It also fits into those tight spaces I want to vacuum and my old vacuum didn‚Äôt fit. It‚Äôs perfect for apartment living, which is my current situation. It may look like a toy, but it works very well!","Reviewed in the United States on June 21, 2024","","Verified Purchase","14 people found this helpful","","","[]","[]"
"R1C2QPMWF4OIBU","Jim","https://www.amazon.com/gp/profile/amzn1.account.AGUVJP75TAFNPJ546MXW2JMXCGZA/ref=cm_cr_arp_d_gw_btm?ie=UTF8","5","","https://www.amazon.com/gp/customer-reviews/R1C2QPMWF4OIBU/ref=cm_cr_arp_d_rvw_ttl?ie=UTF8&ASIN=B09V5NPHP3","B09V5NPHP3","Excellent vac for the price. Perfect for my studio apartment. Also, very easy to clean post vacuuming. Compact and powerful suction for its size!!","Reviewed in the United States on July 3, 2024","","Verified Purchase","One person found this helpful","","","[]","[]"
"RGF1HHZGJYTTH","cathy","https://www.amazon.com/gp/profile/amzn1.account.AFE7NWDU7W4OZ3BX4PF655CHYKCQ/ref=cm_cr_arp_d_gw_btm?ie=UTF8","5","","https://www.amazon.com/gp/customer-reviews/RGF1HHZGJYTTH/ref=cm_cr_arp_d_rvw_ttl?ie=UTF8&ASIN=B09V5NPHP3","B09V5NPHP3","First off this isn't the sturdiest vacuum I've ever had. But it's very light, it's easy for me to use having back problems. It is more narrow but is perfect for fitting in small areas like in a bathroom. What the coolest feature is you don't have to adjust the level. You can go from Bear floor to carpet and not even have to adjust anything in the suction is amazing. You do have to stop more frequent to empty cuz everything about this vacuum is smaller and more compact. But living in a quad level it's extremely easy to just lift and carry it from one level to another with no problems whatsoever. I do however treat it a little more delicately cuz I do feel like it's kind of cheaply made. But we'll see how long it lasts you sure can't beat it for the price. I would highly recommend this whether you lived in an apartment or a large home I really feel this is going to make cleaning so much easier for me and on my back. We'll see how long it lasts but even with that said if it only lasted a few years it's still worth it. I will continue to just be gentle with it and not bump into things and not tug on it oh and one other thing it does have an extremely long cord which is very nice.","Reviewed in the United States on June 13, 2024","","Verified Purchase","22 people found this helpful","","","[]","[]"
"R33E4LAJI38XRR","Kate S","https://www.amazon.com/gp/profile/amzn1.account.AFRTWZV7GX75D3M343EUFT3I3ZMA/ref=cm_cr_arp_d_gw_btm?ie=UTF8","5","","https://www.amazon.com/gp/customer-reviews/R33E4LAJI38XRR/ref=cm_cr_arp_d_rvw_ttl?ie=UTF8&ASIN=B09V5NPHP3","B09V5NPHP3","Immediately after using, it was  amazing to watch the amount of dirt and pet hair this thing sucks up in the clear see through canister. It‚Äôs very light, and can be picked up with one arm. It did great with pet hair, and over an uneven slate floor. This is my new favorite vacuum. Having a double coated dog that leaves tumbleweeds of pet hair everywhere makes for a challenging clean up, but this vacuum did awesome. It‚Äôs basic, no bags to change, and only two attachments. Cord length is decent, but another couple feet would be better. I used it on hardwood, carpet, tile, and slate floors..","Reviewed in the United States on June 30, 2024","","Verified Purchase","","","","[]","[]"
"R1G8AIZHLJ0U6L","Neeya A.","https://www.amazon.com/gp/profile/amzn1.account.AFQTS52VGVWKGF3DKB5T5BOAFCRQ/ref=cm_cr_arp_d_gw_btm?ie=UTF8","5","","https://www.amazon.com/gp/customer-reviews/R1G8AIZHLJ0U6L/ref=cm_cr_arp_d_rvw_ttl?ie=UTF8&ASIN=B09V5NPHP3","B09V5NPHP3","The suction is strong. I have a shaggy rug and this vacuum pulls the crumbs. The cord is long which I absolutely love. It‚Äôs loud but I don‚Äôt care. It does the job. Strong enough to suck up bugs too. It‚Äôs light which is a plus. This was a good buy for me","Reviewed in the United States on July 4, 2024","","Verified Purchase","One person found this helpful","","","[]","[]"
"R19HFSX609LGZX","Del's Daughter","https://www.amazon.com/gp/profile/amzn1.account.AGTPYED6ZBEOD4RCIW5L2WNOAO2A/ref=cm_cr_arp_d_gw_btm?ie=UTF8","5","","https://www.amazon.com/gp/customer-reviews/R19HFSX609LGZX/ref=cm_cr_arp_d_rvw_ttl?ie=UTF8&ASIN=B09V5NPHP3","B09V5NPHP3","I got this vacuum as a temporary solution to a more expensive vacuum that sucking up the debris functioning properly. I needed a vacuum quick and saw this Bissel and thought, ‚ÄúI can have it in a day or two and the price is great. So, I will just get this to clean my townhouse and then get a better replacement later.‚Äù Well, it has been over a month and I do not need a replacement vacuum as this gets the dirt, dust, hair, and anything else on my floors and carpet quite nicely.<br><br>In addition, it also works great when I am using vacuum storage bags for seasonal clothes and blankets.<br>Also, it works so well and is lightweight that I can use the detachment parts on my stairs. I had a Shark mini vac but one of the extension parts with the brush stopped working and it became useless.<br><br>The Bissel solved both of my vacuum issues at a fraction of the price.  I am happy that I realized that before I bought another mini vac or more expensive vacuum and spent a few hundred dollars instead of the fifty dollars that I spent for the Bissel.","Reviewed in the United States on June 15, 2024","","Verified Purchase","2 people found this helpful","","","[]","[]"
"RTGHM02ICTSUM","Trudy","https://www.amazon.com/gp/profile/amzn1.account.AHGF5C7MES3N3YIXCPGPFFJ4DB7Q/ref=cm_cr_arp_d_gw_btm?ie=UTF8","4","","https://www.amazon.com/gp/customer-reviews/RTGHM02ICTSUM/ref=cm_cr_arp_d_rvw_ttl?ie=UTF8&ASIN=B09V5NPHP3","B09V5NPHP3","I read all of the instructions before using the vacuum. It works hard but they all do in the beginning. It‚Äôs after a few months when it‚Äôs no longer brand new that you find out if it‚Äôs worth your money. I like that the dust container empties at the bottom and it‚Äôs not necessary to touch the dirt collected, just press the release button and the contents drops out. It doesn‚Äôt go underneath the bed or furniture, I had to lift the equipment to vacuum underneath. It doesn‚Äôt work well on a rubber flooring. I recommend for a small place with very little carpet, maybe just a small rug or two but not a whole place with carpet throughout and definitely with no pets. I had to empty the container twice during the first use of the vacuum.","Reviewed in the United States on June 28, 2024","","Verified Purchase","","","","[]","[]"
"R11ETVV112JTKO","adan","https://www.amazon.com/gp/profile/amzn1.account.AE6O5W33BLLFMGJQEPZZNM6L5L4Q/ref=cm_cr_arp_d_gw_btm?ie=UTF8","5","","https://www.amazon.com/gp/customer-reviews/R11ETVV112JTKO/ref=cm_cr_arp_d_rvw_ttl?ie=UTF8&ASIN=B09V5NPHP3","B09V5NPHP3","I love my new vacuum. The suction power on this thing is great! I live in an apartment that is mostly hard wood except the stairs and bedroom. I have two cats that i love so much, but they shed alot. Ive had a small vacuum previously, a very cheap one. i didnt realized how much cat hair was in my carpet until i unpacked this bad boy. this vacuum. I vacummed the bedroom at least 5 times and the amount of cat hair that came out was insane.<br><br>This is a GREAT product for a GREAT value. shoulda bought sooner.<br>This has been my favourite purchased in the last several months. Now i know im getting old lol.","Reviewed in the United States on July 3, 2024","","Verified Purchase","","","","[]","[]"
"R9K1O1KJPGU4J","Erin","https://www.amazon.com/gp/profile/amzn1.account.AFLT4VSQ2WFKKVI34LRQCCHFZLLA/ref=cm_cr_arp_d_gw_btm?ie=UTF8","5","","https://www.amazon.com/gp/customer-reviews/R9K1O1KJPGU4J/ref=cm_cr_arp_d_rvw_ttl?ie=UTF8&ASIN=B09V5NPHP3","B09V5NPHP3","I just received the cleanview compact Bissel vac.<br>I have to admit that I was skeptical because of its low price, I wasn't expecting what I've found. This collection came from the area rug for the first job I did. After emptying it, I decided to go over it again and found more dug out from the same rug. Amazing thing is, this same rug was a friend if mine and I had vacuumed it with her vacuum before bringing it her with a shark vacuum thoroughly. I still am amazed at how well thus Clearview compact vacuum cleaned this rug.<br>This small vacuum did an amazing job and is perfect size for me. I'm 4ft 10 and the ease of use is great for my physical condition.<br>I haven't used the tools yet so I have nothing to share here.<br>I recommend this to all.","Reviewed in the United States on June 21, 2024","","Verified Purchase","2 people found this helpful","","","[""https://m.media-amazon.com/images/I/71-g9Q98eBL._SY88.jpg"",""https://m.media-amazon.com/images/I/71IJIGROeIL._SY88.jpg""]","[""https://m.media-amazon.com/images/I/71-g9Q98eBL.jpg"",""https://m.media-amazon.com/images/I/71IJIGROeIL.jpg""]"
"R2RD1UHTB2O76U","ourhouse","https://www.amazon.com/gp/profile/amzn1.account.AFS7I3KKB2UMBTGOLEXLNCANETGA/ref=cm_cr_arp_d_gw_btm?ie=UTF8","5","","https://www.amazon.com/gp/customer-reviews/R2RD1UHTB2O76U/ref=cm_cr_arp_d_rvw_ttl?ie=UTF8&ASIN=B09V5NPHP3","B09V5NPHP3","I was leery at first that it was too light weight to be any good HOWEVER!!! I was shocked at how well it performed. Rugs that hold so much dirt were no match for its cleaning power!! I vacuumed them and then picked them up to shake them expecting all sorts of dirt and debris, but there was none left in the rugs!! The collection cup for the machine was so full!!! AMAZING, and for around $50 !! I love this little BISSELL. Oh snd cleaning the machine was so easy peasy. With the washable filters this thing rocks!!!","Reviewed in the United States on July 5, 2024","","Verified Purchase","","","","[]","[]"
"RJKLI47CFKJ7V","Lindsay V.","https://www.amazon.com/gp/profile/amzn1.account.AF6J44TC2KHRQNQQT6EPIC2F7RTA/ref=cm_cr_arp_d_gw_btm?ie=UTF8","5","","https://www.amazon.com/gp/customer-reviews/RJKLI47CFKJ7V/ref=cm_cr_arp_d_rvw_ttl?ie=UTF8&ASIN=B09V5NPHP3","B09V5NPHP3","I'm pretty blown away at this things suction power! With my old cheaper vacuum, I would have to heavily rake my carpets for cat hair before vacuuming otherwise it wouldn't really do anything. I vacuumed the low pile area rug in my living room with this guy without raking, and it looked like my cat was inside the vacuum lol. So much hair i didn't even realize was there! I don't know a lot about vacuums but I would assume a vacuum like this would be over $100, at least. Very impressed! If you're looking for a drastic upgrade from your first little 30$ vacuum, this is the way to go!!","Reviewed in the United States on July 1, 2024","","Verified Purchase","One person found this helpful","","","[]","[]"
"R18CZE87BJUJUC","B J","https://www.amazon.com/gp/profile/amzn1.account.AHQTJJ4WAT2TQZ2YYNQYKIS4UBZQ/ref=cm_cr_arp_d_gw_btm?ie=UTF8","5","","https://www.amazon.com/gp/customer-reviews/R18CZE87BJUJUC/ref=cm_cr_arp_d_rvw_ttl?ie=UTF8&ASIN=B09V5NPHP3","B09V5NPHP3","I have always liked Bissell vacuums. This vacuum is a really good vacuum. It is perfect for my small apartment. It is small and lightweight. It has powerful suction. The first time I used it I could tell my other vacuum was not picking up very much. It was easy to assemble. The instruction booklet is easy to read. The instructions are simple and easy. It is easy to take apart for cleaning. I have a cat and so a lot of cat hair and litter. This vacuum picks it all up. It is small and so it is easy to store in my laundry closet. I really like this vacuum and it was a good price.","Reviewed in the United States on June 26, 2024","","Verified Purchase","","","","[]","[]"
"RXGXSYSXD8TVR","D Leigh","https://www.amazon.com/gp/profile/amzn1.account.AHUUDVQE4X7LS6V33NX6F6I2VCBQ/ref=cm_cr_arp_d_gw_btm?ie=UTF8","5","","https://www.amazon.com/gp/customer-reviews/RXGXSYSXD8TVR/ref=cm_cr_arp_d_rvw_ttl?ie=UTF8&ASIN=B09V5NPHP3","B09V5NPHP3","I got to this listing on Amazon whilst looking for a new inexpensive vacuum to replace my disaster of a Dyson, and saw a few reviews that rated this highly for what it is: a bargain-basement vacuum that might only work for a couple years. Held my breath, spent some money, and a few days later it arrived in a box that seemed FAR too light. After doing the rudimentary cord disentanglement and snapping the aux accessories I probably won't use into place, I picked it up. No way could this work. It was far too light.<br><br>Tried it out the next day. If I were going to have a conversation about vacuuming with the Dyson it would go something like this:<br><br>Me: Hey, the floors are disastrous. I'd really like to vacuum today.<br>Dyson: Ok, as long as Mercury isn't in retrograde and the sun is in the seventh house of Aquarius, and the moon is 2.2 degrees north of Saturn in the final quadrant of the elliptical house, and my astrology is beneficial for today, and you had a protein shake, and you didn't use your humidifier last night because I hate that ghastly thing, and your niece in North Carolina is skipping rope while you hit the power switch...maybe.<br><br>Now with this impossibly small and light Bissell:<br>Me: I want to vacuum my floors please; they're a horrible mess.<br>Bissell: I WANNA SUCK UP SOME DIRT AND LOTS OF CAT HAIRRRRR!!<br><br>One pass through my bedroom was enough to fill the poor machine but I emptied it and sallied forth. I had to use chopsticks to get the masses of hair and dirt out from around the filter so rather poor design there but I cleaned it and kept going. Ran like a champ, sucked like a champ, on both carpet and laminate floors it did great. I was pleasantly surprised and really excited to let the dust settle and run it again, and again, and again. Now I don't like in an allergic death trap (I have horrible respiratory allergies and allergy-induced asthma) quite so much anymore.<br><br>Sucks great, works great, filter could be better but if that's all I have to complain about, I'm calling this a win. Especially since I switched from my $500 Dyson POS to this little thing. I love it.<br><br>PS my Dyson story...So I had a $500 Dyson  (upright Animal Multifloor 2) for many years and maybe used it 20 times in all. Something would always go wrong. The power would cut out, it would blow out every fuse in the place, the suction was non-existent in the hose or on the floor or both. I cut everything off the roll bar, followed their tutorials for cleaning, deep cleaned the sucker...nothing worked. The hose was not blocked, the thing should have been just fine, it just wouldn't work. Three hours after I'd first called, I cut off the gentleman at Dyson who had told me my machine was out of warranty and was trying to persuade me to take it somewhere local to be fixed (so I could pay more for a vacuum for which I'd already plunked a hefty sum down) and told him I would not only never spend another penny on Dyson products, I would be doing everything I could to actively discourage everyone I knew from doing so. He was very nice and my beef isn't with him. Those freaking machines are garbage, though.","Reviewed in the United States on January 26, 2024","","Verified Purchase","70 people found this helpful","","","[]","[]"
"R1G1IT4QIW6CUR","Benny Wong","https://www.amazon.com/gp/profile/amzn1.account.AFRNI467R3S5OB44UENWKOH3RHDQ/ref=cm_cr_arp_d_gw_btm?ie=UTF8","5","","https://www.amazon.com/gp/customer-reviews/R1G1IT4QIW6CUR/ref=cm_cr_arp_d_rvw_ttl?ie=UTF8&ASIN=B09V5NPHP3","B09V5NPHP3","I have a carpet floor and this vacuum sucks a lot of dust out easily while also getting the debris out of the carpet. The suction power on this thing is amazing and for 50$ it's a steal. It's also lightweight and small making it easy to move around. The suction tube is comfortably short due to its small size, but it can stretch out further. The nozzles provided are very helpful when getting into crevices. The tube and attachments don't fit perfectly together but if you push it in it works just fine. For 50$, yes cop this IMMEDIATELY.","Reviewed in the United States on July 3, 2024","","Verified Purchase","","","","[]","[]"
"R17NMN0U343YEK","Cheryl L.","https://www.amazon.com/gp/profile/amzn1.account.AH2HD2EZHNQKMNWIIGUMQA2KL5QQ/ref=cm_cr_arp_d_gw_btm?ie=UTF8","5","","https://www.amazon.com/gp/customer-reviews/R17NMN0U343YEK/ref=cm_cr_arp_d_rvw_ttl?ie=UTF8&ASIN=B09V5NPHP3","B09V5NPHP3","I have a dog that sheds ALOT - this vacuum has great suction but is very light weight and small scale so perfect for storage if you only have a small amount of closet space.  The best feature is that you can take it apart and clean every aspect to the point that it looks brand new after you do that.  So many times vacuums are made with parts you can't get dog hair out of, and it gets very disgusting in a short period of time. Not so with this one.  Definitely recommend.","Reviewed in the United States on July 5, 2024","","Verified Purchase","","","","[]","[]"
"R2FNR2NQR4STK","Jo","https://www.amazon.com/gp/profile/amzn1.account.AG5QPZW4EUPFKKRK3FDEHXQY3PNA/ref=cm_cr_arp_d_gw_btm?ie=UTF8","5","","https://www.amazon.com/gp/customer-reviews/R2FNR2NQR4STK/ref=cm_cr_arp_d_rvw_ttl?ie=UTF8&ASIN=B09V5NPHP3","B09V5NPHP3","Although this vacuum is smaller than an average upright there is no lack in power!  I only have 3 small rugs and one wall-to-wall carpet so this mighty little vac is quite perfect.  I was glad I had watched the video on its assembly and functionality which made unboxing it no challenge at all.  I love the size of the canister and was awed by what that machine picked up‚Ä¶ looks like my old upright wasn‚Äôt doing as good of a job as I thought!  It handles easily and reaches under most of my furniture.  I am very happy with my purchase and with the price.","Reviewed in the United States on June 26, 2024","","Verified Purchase","","","","[]","[]"
"R3SFFUVO4XWTK1","J","https://www.amazon.com/gp/profile/amzn1.account.AHFFHYFVFEZ4RRKHKP33C3F6OMQA/ref=cm_cr_arp_d_gw_btm?ie=UTF8","5","","https://www.amazon.com/gp/customer-reviews/R3SFFUVO4XWTK1/ref=cm_cr_arp_d_rvw_ttl?ie=UTF8&ASIN=B09V5NPHP3","B09V5NPHP3","This sucks!! Like all the dust out of your carpets that is‚Ä¶ This worked so much better than I thought it would for a vacuum on this price. I never realized how much stuff we had in our carpets until we used this vacuum‚Ä¶ like seriously our old vacuum was not doing the job correctly apparently. It‚Äôs super easy to use and maintain. It has a pretty long cord. I like that it has a space for the attachments on the actual vacuum so it‚Äôs right there when you need it. Overall, seems like really rock solid vacuum at a really great price!","Reviewed in the United States on June 27, 2024","","Verified Purchase","","","","[]","[]"
"R3KARQY07EYIKB","Annie","https://www.amazon.com/gp/profile/amzn1.account.AHDROXK53YKKVMVMBHRFIQMXQHXQ/ref=cm_cr_arp_d_gw_btm?ie=UTF8","5","","https://www.amazon.com/gp/customer-reviews/R3KARQY07EYIKB/ref=cm_cr_arp_d_rvw_ttl?ie=UTF8&ASIN=B09V5NPHP3","B09V5NPHP3","I bought this to use at church.  It's narrow enough to get between the pews.  I used it this morning for the first time and I was NOT disappointed.  This little vacuum really gets the job done!  It's is cheaply made and I expected that when I bought it.  I also expected it to do a good job and it does.  The one I bought prior to this lasted about 5 years, I hope this one will hold up that long, we will see.  I am happy that this one picks up on hard floors, that's a big improvement over past small vacs I've had.  Considering buying another for my house.  Would buy again.  Will update if it doesn't hold up.","Reviewed in the United States on June 15, 2024","","Verified Purchase","","","","[]","[]"
"R32R8ZY3KOY979","Mel","https://www.amazon.com/gp/profile/amzn1.account.AHOTPZNTZZ7RNUW3Y3UWD2URNFPA/ref=cm_cr_arp_d_gw_btm?ie=UTF8","5","","https://www.amazon.com/gp/customer-reviews/R32R8ZY3KOY979/ref=cm_cr_arp_d_rvw_ttl?ie=UTF8&ASIN=B09V5NPHP3","B09V5NPHP3","I had a stick vacuum for the last year which clearly wasn‚Äôt doing the job anymore. I saw an article for this vacuum online and for the cost I couldn‚Äôt pass up getting a new one. It picked up 3x the amount my stick vacuum does. I really do believe that plug in vacuums are much more powerful and this thing doesn‚Äôt disappoint! The only down side to it is the dirt tank doesn‚Äôt seem flush against the hose elbow and I could see this as a potential issue in the future. But as a household of 1 with no pets this vacuum should last quite a while.","Reviewed in the United States on June 25, 2024","","Verified Purchase","","","","[]","[]"
"R2JNJ3BPDWITZ","Brittany","https://www.amazon.com/gp/profile/amzn1.account.AFHCALNCQLSOFAJTJMQ2PREL5BAQ/ref=cm_cr_arp_d_gw_btm?ie=UTF8","5","","https://www.amazon.com/gp/customer-reviews/R2JNJ3BPDWITZ/ref=cm_cr_arp_d_rvw_ttl?ie=UTF8&ASIN=B09V5NPHP3","B09V5NPHP3","I was pleasantly surprised at the suction on this little machine. Very lightweight, more than enough cord length, easily maneuvered, and overall good quality. My expectations were exceeded with this vacuum because it picked up more than our standard sized expensive vacuum did. I wasn‚Äôt expected the brushes on the bottom because I didn‚Äôt see or notice the bottom pictured in the photos but it ended up having very nice brushes for a small vacuum. Great buy and would buy again! So far it‚Äôs holding up nicely!","Reviewed in the United States on June 30, 2024","","Verified Purchase","","","","[]","[]"
"R9XEFIKI76FHM","kristy","https://www.amazon.com/gp/profile/amzn1.account.AGIBNUVJTSG5GYGY42F6ZOCPEIKA/ref=cm_cr_arp_d_gw_btm?ie=UTF8","5","","https://www.amazon.com/gp/customer-reviews/R9XEFIKI76FHM/ref=cm_cr_arp_d_rvw_ttl?ie=UTF8&ASIN=B09V5NPHP3","B09V5NPHP3","I LOVE this vacuum, I bought it because my old one wasn't getting my cats hair out of my carpet. I was a bit skeptical since the price was so cheap and affordable but wow first use it made my carpet brand new again. I didnt even know I had so much hair and dust in it, the suction is AMAZING and it's so easy to use and maneuver. 10/10 for sure","Reviewed in the United States on June 29, 2024","","Verified Purchase","","","","[]","[]"
"RF8B0JY3KE1CS","Mango Lover","https://www.amazon.com/gp/profile/amzn1.account.AFN7H5LSV5IHMTA5OEORTIT43Y5Q/ref=cm_cr_arp_d_gw_btm?ie=UTF8","4","","https://www.amazon.com/gp/customer-reviews/RF8B0JY3KE1CS/ref=cm_cr_arp_d_rvw_ttl?ie=UTF8&ASIN=B09V5NPHP3","B09V5NPHP3","This Baby Bissell surprised me! I do not know how long it will last but it is starting out on a high note. I live in rural Alaska above the Arctic Circle so shipping is always a concern. Amazon Prime shipped this for free... I rent an 800 square foot apartment with about 500 square feet of short/low pile brown carpet. I did not want to put a lot of money in a vacuum because I will be leaving it when I leave here next year. The attachments are cheaply made but this is an inexpensive vacuum. The 4-star is ONLY because the longer/high pile rugs from my bathroom, gray in the photo, bogged the motor down. So, if you have a small space with short pile carpet and you are looking for an inexpensive vacuum, this Baby Bissell is a winner!","Reviewed in the United States on May 19, 2024","","Verified Purchase","10 people found this helpful","","","[""https://m.media-amazon.com/images/I/61z-2o3892L._SY88.jpg"",""https://m.media-amazon.com/images/I/81lWx07NN4L._SY88.jpg""]","[""https://m.media-amazon.com/images/I/61z-2o3892L.jpg"",""https://m.media-amazon.com/images/I/81lWx07NN4L.jpg""]"
"R2OVKXHQDURT81","Cares41","https://www.amazon.com/gp/profile/amzn1.account.AGWVXC2IFGRZGDGLXECPHSLHP2AQ/ref=cm_cr_arp_d_gw_btm?ie=UTF8","5","","https://www.amazon.com/gp/customer-reviews/R2OVKXHQDURT81/ref=cm_cr_arp_d_rvw_ttl?ie=UTF8&ASIN=B09V5NPHP3","B09V5NPHP3","I own another carpet cleaner that had great reviews.  It was a Christmas gift and of course I can‚Äôt return it.  The other one did not pick up.  It just doesn‚Äôt work.  I‚Äôm at an rv park &amp; leaves &amp; sand always get brought in.  I purchased this and I love it!! And the price is under $60.00.","Reviewed in the United States on July 7, 2024","","Verified Purchase","","","","[]","[]"
"R1FAFDRH4QBYIY","Ash","https://www.amazon.com/gp/profile/amzn1.account.AEIOURKWGSUR2K2TEKAP4TDOTI6Q/ref=cm_cr_arp_d_gw_btm?ie=UTF8","4","","https://www.amazon.com/gp/customer-reviews/R1FAFDRH4QBYIY/ref=cm_cr_arp_d_rvw_ttl?ie=UTF8&ASIN=B09V5NPHP3","B09V5NPHP3","This vacuum is perfect for my apartment and gets the job done. My only gripe is that it is very loud and I know that my neighbors can hear it whenever I run it. The size and weight of the vacuum is as described and it fits perfect in a smaller hallway closet.","Reviewed in the United States on July 7, 2024","","Verified Purchase","","","","[]","[]"
"R13FVM2A1L8AU8","Meghan M Schaffer","https://www.amazon.com/gp/profile/amzn1.account.AFF42R7WQLJMI6TDXM4KAAZUK3BA/ref=cm_cr_arp_d_gw_btm?ie=UTF8","5","","https://www.amazon.com/gp/customer-reviews/R13FVM2A1L8AU8/ref=cm_cr_arp_d_rvw_ttl?ie=UTF8&ASIN=B09V5NPHP3","B09V5NPHP3","Even though it's compact, I wasn't prepared for the small size as I've always had much larger vacuums. I have a bad shoulder and wanted something lightweight. This fits the bill. Straight out of the box the suction is great. Hopefully it is fairly durable and I won't need a new one for a while. It didn't need any assembly which is great. The handle will need to be put into place for use. But it's designed to be removed as part of the wand system. Just click it into place, no screws or tools.<br><br>I have a 1000sf home. I did one bedroom, the kitchen and living room and the canister was full. Granted, it's been over a week since my last vacuum died and we have two shredding pets.<br><br>Like most uprights, it won't fit far underneath furniture, so you'll still need to move things when you want to get under them.<br><br>If you have a big home, you'll probably want a bigger vacuum if you dislike emptying the canister or moving the cord a lot. (The cord reached one room, so I had to move it twice.) But this one is perfect for a smaller space or if you need something truly lightweight due to physical limitations.","Reviewed in the United States on May 20, 2024","","Verified Purchase","14 people found this helpful","","","[]","[]"
"RE8TCQAB36H0Y","Jessica Flores","https://www.amazon.com/gp/profile/amzn1.account.AG2DZUOIGEJH2Y4T6JOA6XOBDBPQ/ref=cm_cr_arp_d_gw_btm?ie=UTF8","5","","https://www.amazon.com/gp/customer-reviews/RE8TCQAB36H0Y/ref=cm_cr_arp_d_rvw_ttl?ie=UTF8&ASIN=B09V5NPHP3","B09V5NPHP3","I literally never review things but I needed to review this vacuum because of how amazing it is for the price. It is small but MIGHTY. I was excited to use it on our carpet and rugs in my apartment and oh my gosh it picked up so much dirt and dust. It was already halfway full by only vacuuming a small apartment bedroom and one living room rug. I‚Äôm so happy I got this vacuum. The perfect size for a small apartment!","Reviewed in the United States on June 24, 2024","","Verified Purchase","","","","[]","[]"
"R2NP6XPK44GS9Z","Nick Reeder","https://www.amazon.com/gp/profile/amzn1.account.AHNJ5L5B6EGX7IRO4RXZHU3A7V2Q/ref=cm_cr_arp_d_gw_btm?ie=UTF8","5","","https://www.amazon.com/gp/customer-reviews/R2NP6XPK44GS9Z/ref=cm_cr_arp_d_rvw_ttl?ie=UTF8&ASIN=B09V5NPHP3","B09V5NPHP3","I did not realize how small the vacuum would be, although small it has a lot of suction power and it is perfect for my apartment at 1000 ft.<br>It works very well on linoleum as it picked up tiny dust particles, and medium size dog food Pieces. The court size is longer than I expected, which is nice not having to plug in and re-replug for different rooms. I am very satisfied with this product..","Reviewed in the United States on June 29, 2024","","Verified Purchase","","","","[]","[]"
"R3KMKSOQ8CXQWU","Marisa Goodson","https://www.amazon.com/gp/profile/amzn1.account.AFYZID2IWBELIJYVKFMUF34BL7FA/ref=cm_cr_arp_d_gw_btm?ie=UTF8","5","","https://www.amazon.com/gp/customer-reviews/R3KMKSOQ8CXQWU/ref=cm_cr_arp_d_rvw_ttl?ie=UTF8&ASIN=B09V5NPHP3","B09V5NPHP3","I am so happy. I have never felt more powerful with a vacuum cleaner. It is perfect for carpets and cleaning up pet hair. It is quite loud but it is totally worth it. I cleaned my apartment in 30 minutes with this thing! No need to keep vacuuming the same spot, one pass over and it‚Äôs clean. Also super easy set up.","Reviewed in the United States on July 4, 2024","","Verified Purchase","","","","[]","[]"
"RXHQQXXO99HDK","Jon G","https://www.amazon.com/gp/profile/amzn1.account.AGZAAPEZH6CRK65ZVMHUMSPFAU6Q/ref=cm_cr_arp_d_gw_btm?ie=UTF8","5","","https://www.amazon.com/gp/customer-reviews/RXHQQXXO99HDK/ref=cm_cr_arp_d_rvw_ttl?ie=UTF8&ASIN=B09V5NPHP3","B09V5NPHP3","Our $200 vacuum stopped working last week and we needed another one. We were on a tight budget so I went for this one as it was only $50 with great reviews. I was still skeptical of how it would work, with powerful suction being my most needed feature. As soon as I received it, I opened it up and turned it on to use it. Assembly was very easy. The suction was more powerful than my $200 vacuum, and the amount of dust it pulled from my rug was unbelievable. I couldn‚Äôt be happier with this purchase and can‚Äôt believe I‚Äôve ever spent more than $100 on a vacuum! This is a must have!","Reviewed in the United States on June 9, 2024","","Verified Purchase","2 people found this helpful","","","[]","[]"
"RHRC8G91BUXPF","Music, Math, Languages person","https://www.amazon.com/gp/profile/amzn1.account.AGTVBD2QJUTXRLNWMITPNJSHUJHA/ref=cm_cr_arp_d_gw_btm?ie=UTF8","5","","https://www.amazon.com/gp/customer-reviews/RHRC8G91BUXPF/ref=cm_cr_arp_d_rvw_ttl?ie=UTF8&ASIN=B09V5NPHP3","B09V5NPHP3","Strong suction. Does an amazing job on both floors and rugs.  Doesn't scatter dirt behind it like this model used to. I don't have stairs - but my guess is it would be a little clumsy on them.  It has a detachable hose and two end fittings for corners and sofas.","Reviewed in the United States on July 4, 2024","","Verified Purchase","","","","[]","[]"
"R3RXT07IEU4M07","Ashley Coleman","https://www.amazon.com/gp/profile/amzn1.account.AHM74LTS4756AADQWDYJXFHR7O2A/ref=cm_cr_arp_d_gw_btm?ie=UTF8","5","","https://www.amazon.com/gp/customer-reviews/R3RXT07IEU4M07/ref=cm_cr_arp_d_rvw_ttl?ie=UTF8&ASIN=B09V5NPHP3","B09V5NPHP3","I have an expensive Dyson stick vacuum that just wasn't cutting it anymore, and never seemed to pick everything up so I looked around for an alternative and came across this little vacuum. The price made me a bit skeptical, but the reviews about its suction power convinced me to give it a try. And wow. I am soooooo impressed with this vacuum. After vacuuming with my Dyson, I ran over the floor again with this vacuum. And the ENTIRE canister was full of dog hair and dirt. It's small and lightweight, but wow does it have some suction power. My only gripe is that the hose is really small, so I'll have to keep my Dyson stored away for that, but I don't mind. Also, this price?! You seriously can't beat it.","Reviewed in the United States on June 5, 2024","","Verified Purchase","6 people found this helpful","","","[]","[]"
"R21BCMMP2PMZC3","Red Rose","https://www.amazon.com/gp/profile/amzn1.account.AGJNAAFCH6HNYXUVHHK4AHYJLHDQ/ref=cm_cr_arp_d_gw_btm?ie=UTF8","5","","https://www.amazon.com/gp/customer-reviews/R21BCMMP2PMZC3/ref=cm_cr_arp_d_rvw_ttl?ie=UTF8&ASIN=B09V5NPHP3","B09V5NPHP3","I am use to cordless but it's not a big deal. It arrived on time in a secure package. The driver was very careful to handle it.<br>The customer did write it's easy to put it together. However, I did not believe it. Actually, it is . It only takes a second. Thanks for making it this easy especially for seniors with arthritis.<br>I did try it immediately. It does have a very strong section. I love trash please how easy it is to open and dump it into the big trash can. I'm very pleased that my purchase is going to help innocent animals. I'm very pleased with my purchase and I shall recommend this product highly and I'm going to buy it again the need arises","Reviewed in the United States on June 4, 2024","","Verified Purchase","One person found this helpful","","","[]","[]"
"R3204937EQ2LDF","martin van slyke","https://www.amazon.com/gp/profile/amzn1.account.AEXOEU3XGME6NYGPSP72AJYUKBBQ/ref=cm_cr_arp_d_gw_btm?ie=UTF8","4","","https://www.amazon.com/gp/customer-reviews/R3204937EQ2LDF/ref=cm_cr_arp_d_rvw_ttl?ie=UTF8&ASIN=B09V5NPHP3","B09V5NPHP3","yes it sucks everything up but there is no height adjustment... if you have much cut pile you may want to be sure and chose a height adjustable machine. I gave it low maneuverability only because it is practically useless on carpet with any cut pile length... otherwise it moves great on bare floor and tight loop pile. They should've mentioned the lack of adjustability.","Reviewed in the United States on June 20, 2024","","Verified Purchase","","","","[]","[]"
"R3UGGLE0LN5D2V","Placeholder","https://www.amazon.com/gp/profile/amzn1.account.AFMZ2IR3J5DTIGGO43ETF762WDIA/ref=cm_cr_arp_d_gw_btm?ie=UTF8","4","","https://www.amazon.com/gp/customer-reviews/R3UGGLE0LN5D2V/ref=cm_cr_arp_d_rvw_ttl?ie=UTF8&ASIN=B09V5NPHP3","B09V5NPHP3","I wanted an inexpensive vacuum to keep on my second floor so I don't have to drag my other one upstairs each time. This vacuum is very light weight and so far has incredible suction. It is small. I am 5'1"" and I think would be too short for most people taller than that. I had to carry it to use the attachments or I would have had to bend down. So, if you are short and not particularly strong this is a wonderful little vacuum and a great price!","Reviewed in the United States on June 4, 2024","","Verified Purchase","4 people found this helpful","","","[]","[]"
"R1QGOS2LWF0M1Y","Liza ","https://www.amazon.com/gp/profile/amzn1.account.AEXAOM5AZSN7KIUG7RMXU5G4KP2A/ref=cm_cr_arp_d_gw_btm?ie=UTF8","5","","https://www.amazon.com/gp/customer-reviews/R1QGOS2LWF0M1Y/ref=cm_cr_arp_d_rvw_ttl?ie=UTF8&ASIN=B09V5NPHP3","B09V5NPHP3","Overall, it is a great product with amazing suction power. It got the fine dirt out from under my floor carpets! It cleans so well! However, if you have dogs and cats or small babies that might be drawn to the vacuum like myself, please be extremely careful! Do not let them be around this vacuum at all. This thing took literally took the skin off of my babies finger. He happened to crawl up to the vacuum and it literally sucked his hand into it peeling his skin off. I think I might be missing a part on top as well.","Reviewed in the United States on June 13, 2024","","Verified Purchase","6 people found this helpful","","","[""https://m.media-amazon.com/images/I/619hquVt0HL._SY88.jpg"",""https://m.media-amazon.com/images/I/61H5i0prUFL._SY88.jpg"",""https://m.media-amazon.com/images/I/71OG2fKNnoL._SY88.jpg""]","[""https://m.media-amazon.com/images/I/619hquVt0HL.jpg"",""https://m.media-amazon.com/images/I/61H5i0prUFL.jpg"",""https://m.media-amazon.com/images/I/71OG2fKNnoL.jpg""]"
"R2359OWB6TCIH1","jason","https://www.amazon.com/gp/profile/amzn1.account.AG6AYV3MU6OZGNHYY2RNJZZBPX7A/ref=cm_cr_arp_d_gw_btm?ie=UTF8","5","","https://www.amazon.com/gp/customer-reviews/R2359OWB6TCIH1/ref=cm_cr_arp_d_rvw_ttl?ie=UTF8&ASIN=B09V5NPHP3","B09V5NPHP3","Really powerful little vacuum, basically we‚Äôve eliminated all of our carpet except master bedroom and we have a large area rug so didn‚Äôt need a big vacuum. It exceeded our expectations as we have 2 small short haired dogs and it definitely takes care of the constant shedding. A+ even better than our clunky $1300 rainbow vacuum.","Reviewed in the United States on June 29, 2024","","Verified Purchase","","","","[]","[]"
"R1BALYU8KSC8QA","Traci Silverton","https://www.amazon.com/gp/profile/amzn1.account.AGRBSJ4O4QMVDZDDJ7UVHYLGILOQ/ref=cm_cr_arp_d_gw_btm?ie=UTF8","5","","https://www.amazon.com/gp/customer-reviews/R1BALYU8KSC8QA/ref=cm_cr_arp_d_rvw_ttl?ie=UTF8&ASIN=B09V5NPHP3","B09V5NPHP3","This is one badass BISSELL it handles well the suction power is superior easy to assemble and worth the money I tried it when  I  received it and was shocked at the dirt it picked up on my new carpet I was IMPRESSED BISSELL is way better than Dirt Devil vacuums will never buy DIRTDEVIL VACUUMS again. BISSELL PRODUCTS ONLY FOR MEüòá","Reviewed in the United States on June 24, 2024","","Verified Purchase","","","","[]","[]"
"REKEXGTUOTRS0","Arizona Sun","https://www.amazon.com/gp/profile/amzn1.account.AFXQXEZPEJZGBGAMNU5SL7E3ASTA/ref=cm_cr_arp_d_gw_btm?ie=UTF8","5","","https://www.amazon.com/gp/customer-reviews/REKEXGTUOTRS0/ref=cm_cr_arp_d_rvw_ttl?ie=UTF8&ASIN=B09V5NPHP3","B09V5NPHP3","They pack a whole lotta vacuum in a small machine. My last vacuum broke and money was tight so I purchased this product because it was reasonably priced and I wasn't expecting much but I ended up being pleasantly surprised. The suction is the comparable to more expensive models and the dust bin is very easy to empty. Before you spend a lot of money on another vacuum that will do literally the same job as this little machine, give this one a try.","Reviewed in the United States on June 15, 2024","","Verified Purchase","","","","[]","[]"
"R1SJN7UQQVMI29","Quality-fan","https://www.amazon.com/gp/profile/amzn1.account.AFDCVTYPDLB4IACHORQGENLJVNJA/ref=cm_cr_arp_d_gw_btm?ie=UTF8","5","","https://www.amazon.com/gp/customer-reviews/R1SJN7UQQVMI29/ref=cm_cr_arp_d_rvw_ttl?ie=UTF8&ASIN=B09V5NPHP3","B09V5NPHP3","Having stairs, I was looking for a light vacuum cleaner with suction power &amp; maneuverability. It is perfect for my that and on hardwood floors and area rugs, but it won't perform the same on carpet or thick rugs. Otherwise, works perfect and it doesn't take much storage space. Easy to clean too. Thanks","Reviewed in the United States on July 1, 2024","","Verified Purchase","","","","[]","[]"
"R24BVG0CZXTPZZ","Annie","https://www.amazon.com/gp/profile/amzn1.account.AE2BMG5JFR5JPRCDFUM7PHCYK57A/ref=cm_cr_arp_d_gw_btm?ie=UTF8","5","","https://www.amazon.com/gp/customer-reviews/R24BVG0CZXTPZZ/ref=cm_cr_arp_d_rvw_ttl?ie=UTF8&ASIN=B09V5NPHP3","B09V5NPHP3","I LOVE this vacuum!  This tiny little, super easy, super light, rockstar has suction like nothing I've ever experienced in a vacuum.  Seriously - it goes from shag carpet in the bedroom to tile floor in the kitchen with zero cares in the world.  I can't believe what it got after one pass through, and I clean super often. The only negative thing I can say is that the suction is too powerful for my throw rugs, but I have no problem shaking those out by hand to have this awesome machine.  All this for less than $50?  Crazy!","Reviewed in the United States on June 5, 2024","","Verified Purchase","2 people found this helpful","","","[]","[]"
"R11A7MUO76C76Y","lexlobochip","https://www.amazon.com/gp/profile/amzn1.account.AHBTL27L7FOHLU7N72LOJDN6IZFQ/ref=cm_cr_arp_d_gw_btm?ie=UTF8","5","","https://www.amazon.com/gp/customer-reviews/R11A7MUO76C76Y/ref=cm_cr_arp_d_rvw_ttl?ie=UTF8&ASIN=B09V5NPHP3","B09V5NPHP3","This is the little machine that could.  Very lightweight, easy to handle and picks up dog hair better than my Dyson on high and low rugs and tile floors. No frills - no height adjustment tab or retractable cord but the suction strength makes up for that and it's perfect for my needs.  It's basically all plastic and as long as I'm careful not to bump it into walls and furniture too hard I'll be happy if it lasts 5 years for the price I paid for it.  Recommend if you don't go too hard on your vaccuums!","Reviewed in the United States on June 3, 2024","","Verified Purchase","","","","[]","[]"
"R3NIHY3VXSNZLM","Pam","https://www.amazon.com/gp/profile/amzn1.account.AHBHBT35QPHPODZ4SL5WJKTYGCGA/ref=cm_cr_arp_d_gw_btm?ie=UTF8","4","","https://www.amazon.com/gp/customer-reviews/R3NIHY3VXSNZLM/ref=cm_cr_arp_d_rvw_ttl?ie=UTF8&ASIN=B09V5NPHP3","B09V5NPHP3","While it is small, it has a lot of power! The attachment hose is ridiculously short, but the vacuum was light enough to pick it up and still use the attachment. Have used only once, but so far I think it‚Äôs worth the $50.","Reviewed in the United States on June 21, 2024","","Verified Purchase","","","","[]","[]"
"RNJ1DU85OHEBD","Hogietwo","https://www.amazon.com/gp/profile/amzn1.account.AFIWKMXMSKTH6GBP5CWJSKQDL3UA/ref=cm_cr_arp_d_gw_btm?ie=UTF8","5","","https://www.amazon.com/gp/customer-reviews/RNJ1DU85OHEBD/ref=cm_cr_arp_d_rvw_ttl?ie=UTF8&ASIN=B09V5NPHP3","B09V5NPHP3","This is a great vacuum for the price. Bought it for my son in the event he will vacuum his new apartment. I like that it is light weight, easy to maneuver, and stores away in small area of closet.","Reviewed in the United States on June 26, 2024","","Verified Purchase","","","","[]","[]"
"R12GBWRZZIP5RG","rex beesley","https://www.amazon.com/gp/profile/amzn1.account.AGO7RWJD5JAH6ZDSWJ5PMRF3AUHA/ref=cm_cr_arp_d_gw_btm?ie=UTF8","5","","https://www.amazon.com/gp/customer-reviews/R12GBWRZZIP5RG/ref=cm_cr_arp_d_rvw_ttl?ie=UTF8&ASIN=B09V5NPHP3","B09V5NPHP3","I had seen reviews and videos of this cleaner and as always, taken them with a pinch of salt but this little thing really delivers.<br>It has removed more dirt,hair and dust in one pass than my old one would do in a year and brushes up the carpet pile as well.I wasn't expecting this sort of power so I'm pleasantly surprised.<br>The only drawbacks,which I wouldn't penalise on the star rating as they are mentioned before, are the short hose and the noise.<br>It does make quite a racket but all that power gives the feeling that it's really getting down to business so it's not that bothersome.I quite like hearing the dirt  hit the collector.<br>As for thr short accessory tube,it's OK for most jobs and the machine is light enough to pick up and move but wouls be nice if they offered an extension.The handle tube works but a flex tube would be better.<br>All in all, a nice bit of kit.","Reviewed in the United States on May 24, 2024","","Verified Purchase","13 people found this helpful","","","[]","[]"
"R2JCWL7R4XVU6I","NMilton","https://www.amazon.com/gp/profile/amzn1.account.AG4LIS5XKX5TJN6EJ3ORAWDKVUFQ/ref=cm_cr_arp_d_gw_btm?ie=UTF8","5","","https://www.amazon.com/gp/customer-reviews/R2JCWL7R4XVU6I/ref=cm_cr_arp_d_rvw_ttl?ie=UTF8&ASIN=B09V5NPHP3","B09V5NPHP3","She just arrived today and I was very excited since I just ordered to days ago. It's the perfect size for my 2 bdrm apartment. Pretty light weight but powerful. I went over a carpet that I thought was pretty clean and it pulled up way more than I anticipated.  I am very pleases with this purchase and the price was definitely a plus!","Reviewed in the United States on June 21, 2024","","Verified Purchase","One person found this helpful","","","[""https://m.media-amazon.com/images/I/61tjYxSpPDL._SY88.jpg"",""https://m.media-amazon.com/images/I/71ywm+jVf0L._SY88.jpg"",""https://m.media-amazon.com/images/I/91IvGR678CL._SY88.jpg""]","[""https://m.media-amazon.com/images/I/61tjYxSpPDL.jpg"",""https://m.media-amazon.com/images/I/71ywm+jVf0L.jpg"",""https://m.media-amazon.com/images/I/91IvGR678CL.jpg""]"
"R2SN35P3W1KG3U","j rocha","https://www.amazon.com/gp/profile/amzn1.account.AGNOGMBFHZHITVXZHMLIII6NX2RA/ref=cm_cr_arp_d_gw_btm?ie=UTF8","5","","https://www.amazon.com/gp/customer-reviews/R2SN35P3W1KG3U/ref=cm_cr_arp_d_rvw_ttl?ie=UTF8&ASIN=B09V5NPHP3","B09V5NPHP3","My 2nd to last vacuum was this exact model. I was happy with it. It lasted five years, of course by the end it was beat up, but suction fine. I bought a cheap stick type vacuum, thinking it would be ok. Bad mistake. So I bought another one of these Bissells. What a difference. Picked all the stuff the stick left behind. Happy again.","Reviewed in the United States on June 18, 2024","","Verified Purchase","","","","[]","[]"
"R33KC1UH034SL6","G.W","https://www.amazon.com/gp/profile/amzn1.account.AFT3EQUPRHH5V5GNG4P3C4IPRZFQ/ref=cm_cr_arp_d_gw_btm?ie=UTF8","4","","https://www.amazon.com/gp/customer-reviews/R33KC1UH034SL6/ref=cm_cr_arp_d_rvw_ttl?ie=UTF8&ASIN=B09V5NPHP3","B09V5NPHP3","I am pleased with this purchase it suction in great the only down side the hose is too short but for this price it is worth the trade.","Reviewed in the United States on July 7, 2024","","Verified Purchase","","","","[]","[]"
"R3SFYORDJ7TPU2","Kathleen S. Stack","https://www.amazon.com/gp/profile/amzn1.account.AGOJRELOOYAXR4A2LDKWRI6CMQEA/ref=cm_cr_arp_d_gw_btm?ie=UTF8","5","","https://www.amazon.com/gp/customer-reviews/R3SFYORDJ7TPU2/ref=cm_cr_arp_d_rvw_ttl?ie=UTF8&ASIN=B09V5NPHP3","B09V5NPHP3","I love this vacuum. It took two seconds to put together when I got it out of the box. It‚Äôs small but mighty. Plus it‚Äôs perfect for a small apartment. It takes up very little space and it‚Äôs lightweight.","Reviewed in the United States on July 7, 2024","","Verified Purchase","","","","[]","[]"
"R1R3EX9IGM9WUG","Joy Courtney","https://www.amazon.com/gp/profile/amzn1.account.AEU3SIRDWJEMOBQMBOTPBXAFCQXQ/ref=cm_cr_arp_d_gw_btm?ie=UTF8","5","","https://www.amazon.com/gp/customer-reviews/R1R3EX9IGM9WUG/ref=cm_cr_arp_d_rvw_ttl?ie=UTF8&ASIN=B09V5NPHP3","B09V5NPHP3","I bought it to use on my porches so I don't mix inside and outside dirt. I didnt expect much but...Little did I know that its one level of suction is strong enough to get dog hair out of my inside carpet and it worked very well vacuuming my kitchen floor! Small, light, easy to clean...I'm very impressed and very glad I bought it! I love this Baby Bissell!!","Reviewed in the United States on June 17, 2024","","Verified Purchase","","","","[]","[]"
"R2Y3K245XG4H2J","Beebop","https://www.amazon.com/gp/profile/amzn1.account.AHHV5QNO3QQOQR7BTTOY3KWGBA2Q/ref=cm_cr_arp_d_gw_btm?ie=UTF8","4","","https://www.amazon.com/gp/customer-reviews/R2Y3K245XG4H2J/ref=cm_cr_arp_d_rvw_ttl?ie=UTF8&ASIN=B09V5NPHP3","B09V5NPHP3","This is a good cheap vacuum, but it's a little powerful. I accidentally let this run and sit over it's power chord and it ate the rubber off of it. Thankfully I have electrical tape and covered it and it still works. But that was terrifying not noticing it until I grabbed the chord right where it was missing rubber one day while cleaning. I did not get shocked at all.<br><br>Also ate rubber off of my bike mat? So just be careful cleaning and turn it off if you are going to let it sit for a second. Don't let it rest on something that isn't carpet.","Reviewed in the United States on May 25, 2024","","Verified Purchase","2 people found this helpful","","","[]","[]"
"R31EYVYIQCOIW0","Saver125","https://www.amazon.com/gp/profile/amzn1.account.AHE4AYQD46KB4VBYTI2D642LJVPQ/ref=cm_cr_arp_d_gw_btm?ie=UTF8","5","","https://www.amazon.com/gp/customer-reviews/R31EYVYIQCOIW0/ref=cm_cr_arp_d_rvw_ttl?ie=UTF8&ASIN=B09V5NPHP3","B09V5NPHP3","I just purchased this Bissell compact vacuum to replace an inefficient dirt devil vacuum. This vacuum makes vacuuming so much easier and picks up hair, lint, dust and dirt not  visible to the eye. It does an amazing job and cuts the vacuuming time down due to its incredible sucking power. I was simply amazed at its cleaning ability and how much the clean view canister collected. It was easy to assemble and comes with a decent size cord far longer than most former vacuums I have had. This vacuum has made vacuuming rugs and floors so much easier and less time consuming. It has a weighted bottom for stability and sturdiness. This one is definitely a keeper. Thanks for the quick shipping so I could see for myself how wonderful this vacuum is and works.","Reviewed in the United States on June 4, 2024","","Verified Purchase","16 people found this helpful","","","[]","[]"
"R2W6WCQF693RTW","Chris","https://www.amazon.com/gp/profile/amzn1.account.AFXNM435UXBQYZRE27ZPHT67KEJA/ref=cm_cr_arp_d_gw_btm?ie=UTF8","5","","https://www.amazon.com/gp/customer-reviews/R2W6WCQF693RTW/ref=cm_cr_arp_d_rvw_ttl?ie=UTF8&ASIN=B09V5NPHP3","B09V5NPHP3","The suction power is crazy!!! It‚Äôs so strong that I had to forcefully push the vacuum across the rug. The debris it picked up was from carpet deodorizer I sprinkled on the carpet months ago. I had been using a Bissell featherweight vacuum that didn‚Äôt work well, which is why I started searching for something else. This is great quality for the price! I would definitely get it! Be blessed! Always put God first!","Reviewed in the United States on June 18, 2024","","Verified Purchase","One person found this helpful","","","[""https://m.media-amazon.com/images/I/71hmBpeevkL._SY88.jpg""]","[""https://m.media-amazon.com/images/I/71hmBpeevkL.jpg""]"
"RGI3JQA6M6OKK","Jerra Hoops","https://www.amazon.com/gp/profile/amzn1.account.AHB5WFEUKQDD2EIYMXXNPCMNWGZA/ref=cm_cr_arp_d_gw_btm?ie=UTF8","5","","https://www.amazon.com/gp/customer-reviews/RGI3JQA6M6OKK/ref=cm_cr_arp_d_rvw_ttl?ie=UTF8&ASIN=B09V5NPHP3","B09V5NPHP3","This little vacuum has saved me I am 76 and was getting so I could not push my other big vac . So I ordered this life and sanity saving vacuum not only is it easy to use but has better suction than any other vac I have had. So bissell thank for making this old gals life easier and want to tell everyone I know what a great gift this has been to my life .","Reviewed in the United States on June 16, 2024","","Verified Purchase","","","","[]","[]"
"R2POPBJ1JY7PYC","Betty Gonzalez","https://www.amazon.com/gp/profile/amzn1.account.AEGJYOZNPHU3CGZZYO54AHN56GPA/ref=cm_cr_arp_d_gw_btm?ie=UTF8","4","","https://www.amazon.com/gp/customer-reviews/R2POPBJ1JY7PYC/ref=cm_cr_arp_d_rvw_ttl?ie=UTF8&ASIN=B09V5NPHP3","B09V5NPHP3","But there are a few differences between the apartment size and a full size.It does okay but you can tell it has less power.The cord won‚Äôt stay in the holder on the handle.You have to vacuum slower so it will pick up everything.This is a temporary solution,then I will buy a bigger Bissell.","Reviewed in the United States on June 23, 2024","","Verified Purchase","","","","[]","[]"
"R1ZO1EEL9H433M","sam","https://www.amazon.com/gp/profile/amzn1.account.AGYBBH6CPFBVAH7VODUEAZYOAE5A/ref=cm_cr_arp_d_gw_btm?ie=UTF8","5","","https://www.amazon.com/gp/customer-reviews/R1ZO1EEL9H433M/ref=cm_cr_arp_d_rvw_ttl?ie=UTF8&ASIN=B09V5NPHP3","B09V5NPHP3","These are cheap but REALLY good vacs. Ive used them the last 2-3 years and they KICK ASS!<br><br>Dont be intimidated by its size. it works super well.  But they last about a year on average but i mean for the price how can you complain.<br><br>Love these vacs.  Definitely buying another one next year!","Reviewed in the United States on June 17, 2024","","Verified Purchase","","","","[]","[]"
"R2ACQB0SYHOTCI","Roxanne Morrison","https://www.amazon.com/gp/profile/amzn1.account.AH7KHH7E6ID2BODCMNFOSUDQHPRA/ref=cm_cr_arp_d_gw_btm?ie=UTF8","4","","https://www.amazon.com/gp/customer-reviews/R2ACQB0SYHOTCI/ref=cm_cr_arp_d_rvw_ttl?ie=UTF8&ASIN=B09V5NPHP3","B09V5NPHP3","It's been just under a year and the vac keeps getting clogged.  It doesn't pick up well after unclogging.  Not worth it unless you plan to buy a new vac every year.<br>I called Bissell and they 100% stand behind their manufacturer warranty.  A new vac was at my house the next day.  Excellent customer service.","Reviewed in the United States on June 10, 2024","","Verified Purchase","","","","[]","[]"
"R3DINDMKKU4J0C","Nathaniel Gardiner","https://www.amazon.com/gp/profile/amzn1.account.AHWNCNJ7LSSDLLZSGMISEGDVW7VQ/ref=cm_cr_arp_d_gw_btm?ie=UTF8","5","","https://www.amazon.com/gp/customer-reviews/R3DINDMKKU4J0C/ref=cm_cr_arp_d_rvw_ttl?ie=UTF8&ASIN=B09V5NPHP3","B09V5NPHP3","i was looking for a new vacuum for my apartment after my $250 dollar vacuum kicked the bucket , all i have to say is this 60 dollar vacuum blows away my old $250 dollar one , impressive for the price , the suction is very high sometimes it fights you to push it , but the amount of stuff i vacuumed up with this vacuum was insane , my old vacuum couldnt do what this new one does , if you live in an apartment like my self this vacuum is ideal , i am pleasantly surprised by it , cant beat it for the price","Reviewed in the United States on June 5, 2024","","Verified Purchase","2 people found this helpful","","","[]","[]"
"R20WYEJVMDV6Y8","Paola ramos","https://www.amazon.com/gp/profile/amzn1.account.AE6UE2WKYVEE6RO6U57RSLFNA3WQ/ref=cm_cr_arp_d_gw_btm?ie=UTF8","4","","https://www.amazon.com/gp/customer-reviews/R20WYEJVMDV6Y8/ref=cm_cr_arp_d_rvw_ttl?ie=UTF8&ASIN=B09V5NPHP3","B09V5NPHP3","Let's give it a few more time of use. However, this seems to have a hood suction power. It's very easy to assemble that you don't even need tools. It doesn't habe a retractable cord, but it does the job, if you have only few places to vacuum around","Reviewed in the United States on June 16, 2024","","Verified Purchase","","","","[]","[]"
"R2HIN05CKHURBR","Cristina Aluizo","https://www.amazon.com/gp/profile/amzn1.account.AEZU35D5GVUSFZGSKGYXRDGWZZPQ/ref=cm_cr_arp_d_gw_btm?ie=UTF8","4","","https://www.amazon.com/gp/customer-reviews/R2HIN05CKHURBR/ref=cm_cr_arp_d_rvw_ttl?ie=UTF8&ASIN=B09V5NPHP3","B09V5NPHP3","Not so great on thick carpet as it will pull the fibers out. It does a great job on flat carpet and floors. Do wish the vacuum itself was a little taller.","Reviewed in the United States on June 27, 2024","","Verified Purchase","","","","[]","[]"
"R3SEVKOZRV6GEJ","Kevin R","https://www.amazon.com/gp/profile/amzn1.account.AFZY3EMJOODRQKJZ7YTDDZ6H4Y2A/ref=cm_cr_arp_d_gw_btm?ie=UTF8","5","","https://www.amazon.com/gp/customer-reviews/R3SEVKOZRV6GEJ/ref=cm_cr_arp_d_rvw_ttl?ie=UTF8&ASIN=B09V5NPHP3","B09V5NPHP3","Very nice vacuum, it was very easy to setup, it took less than five minutes.<br>The removable extension wand works great also.<br>For the price, you get a BISSELL vacuum; this is the best deal on Amazon.<br><br>I Give This Product A Five Stars.","Reviewed in the United States on June 28, 2024","","Verified Purchase","","","","[""https://m.media-amazon.com/images/I/51Ww+Hhu2gL._SY88.jpg"",""https://m.media-amazon.com/images/I/51YRM+gePwL._SY88.jpg""]","[""https://m.media-amazon.com/images/I/51Ww+Hhu2gL.jpg"",""https://m.media-amazon.com/images/I/51YRM+gePwL.jpg""]"
"R17ZMN9TECOOB2","Pati Mooring","https://www.amazon.com/gp/profile/amzn1.account.AEZAMZOTNHD4Z5ZN6MMILIS2ELDQ/ref=cm_cr_arp_d_gw_btm?ie=UTF8","5","","https://www.amazon.com/gp/customer-reviews/R17ZMN9TECOOB2/ref=cm_cr_arp_d_rvw_ttl?ie=UTF8&ASIN=B09V5NPHP3","B09V5NPHP3","This little vacuum is smaller than a regular upright vacuum. We use it in our travel trailer and it works amazingly well. We are able to store it in a storage closet with a ladder, broom, and portable air conditioner. The handle detaches so it can be small. It has good suction and picks up the dirt and grass from the rug.","Reviewed in the United States on June 14, 2024","","Verified Purchase","","","","[]","[]"
"R30KG802ZV05TF","Sandra Kay McMillen","https://www.amazon.com/gp/profile/amzn1.account.AHHPECRIAMA4S4G5QL5KTCP2ZCYQ/ref=cm_cr_arp_d_gw_btm?ie=UTF8","5","","https://www.amazon.com/gp/customer-reviews/R30KG802ZV05TF/ref=cm_cr_arp_d_rvw_ttl?ie=UTF8&ASIN=B09V5NPHP3","B09V5NPHP3","Just the right size for my camper and suction is very strong.  I love it!  The way the hose extends with the handle is great for reaching hard to reach places.","Reviewed in the United States on July 5, 2024","","Verified Purchase","","","","[]","[]"
"R2E4T86Z90FMLB","Eric c.","https://www.amazon.com/gp/profile/amzn1.account.AH3NGA5IBOZPXBRZJIHYIE75O7VA/ref=cm_cr_arp_d_gw_btm?ie=UTF8","5","","https://www.amazon.com/gp/customer-reviews/R2E4T86Z90FMLB/ref=cm_cr_arp_d_rvw_ttl?ie=UTF8&ASIN=B09V5NPHP3","B09V5NPHP3","needed an upgrade from my old vacuum. i could tell our old one wasn‚Äôt working that good so we finally decided to get this product and omg i love it. we have 3 pets and after vacuuming our room and living room, the vacuum picked up SO much. our room feels cleaner! also, i love it‚Äôs size. it‚Äôs PERFECT for anyone with a small living space or apartment. it‚Äôs not that big and it‚Äôs not that small. it‚Äôs just the right size and it‚Äôs super light. personally, i love that because our old vacuum was super heavy for me and i would immediately get tired after trying to vacuum. i used this one and im not even tired at all. 5 stars ‚≠êÔ∏è","Reviewed in the United States on May 25, 2024","","Verified Purchase","4 people found this helpful","","","[""https://m.media-amazon.com/images/I/71L74ITlZ7L._SY88.jpg"",""https://m.media-amazon.com/images/I/81Vy30okIvL._SY88.jpg"",""https://m.media-amazon.com/images/I/81wTF3obTSL._SY88.jpg""]","[""https://m.media-amazon.com/images/I/71L74ITlZ7L.jpg"",""https://m.media-amazon.com/images/I/81Vy30okIvL.jpg"",""https://m.media-amazon.com/images/I/81wTF3obTSL.jpg""]"
"RZZ0W43MFIDOO","D ","https://www.amazon.com/gp/profile/amzn1.account.AEAR3HG65MYZ27T3RRIXRMM2RNGA/ref=cm_cr_arp_d_gw_btm?ie=UTF8","5","","https://www.amazon.com/gp/customer-reviews/RZZ0W43MFIDOO/ref=cm_cr_arp_d_rvw_ttl?ie=UTF8&ASIN=B09V5NPHP3","B09V5NPHP3","I will provide photos later to show how much this sucks up daily on the carpet here- I live in a place where the people before my roommate and I had barely cleaned after themselves and had a few ats.<br>To the eye, it seemed that after the first time I used it I was all done but nope- Each day the carpet feels softer and softer because it just keeps sucking up dust, dirt and dander that has settled from the previous tenant. That sucks because clearly they did not properly cleanse and vacuum like they said and just slapped ""move-in ready"" on the title to get someone to move in but it is what it is.<br><br>Just recently got it of course so no issues- a little wide for stairs and I WILL purchase if there is a version with THIS amount of power + a longer hose pleeeeaseee. Thats the only thing I would want to improve at this point honestly.<br><br>It is loud but not louder than what I would expect from a vacuum that works properly- i dont mind that at all and it gets the job done.","Reviewed in the United States on May 6, 2024","","Verified Purchase","6 people found this helpful","","","[]","[]"
"R1YCRSX8SEPHPQ","RavenSwann","https://www.amazon.com/gp/profile/amzn1.account.AH4E2N7RSQH46OEURQDRYZWNGBDA/ref=cm_cr_arp_d_gw_btm?ie=UTF8","4","","https://www.amazon.com/gp/customer-reviews/R1YCRSX8SEPHPQ/ref=cm_cr_arp_d_rvw_ttl?ie=UTF8&ASIN=B09V5NPHP3","B09V5NPHP3","This is powerful, easy to maneuver. It gets under beds, coffee tables etc. The only slight downside to it is -it needs emptying often. It usually needs emptying after each 12x16 room. Otherwise it‚Äôs great! The attachment for getting drapes, window sills, etc is awesome!","Reviewed in the United States on June 24, 2024","","Verified Purchase","","","","[]","[]"
"R2B74B05569VUJ","Michelle young","https://www.amazon.com/gp/profile/amzn1.account.AENQHRK54EEMVCZWJVCEYUVPG3VA/ref=cm_cr_arp_d_gw_btm?ie=UTF8","5","","https://www.amazon.com/gp/customer-reviews/R2B74B05569VUJ/ref=cm_cr_arp_d_rvw_ttl?ie=UTF8&ASIN=B09V5NPHP3","B09V5NPHP3","The vacuum is slim and powerful. It was easy to put together and rubs perfectly. It is a little loud, but it does it's job. I would recommend this product to others.","Reviewed in the United States on July 1, 2024","","Verified Purchase","","","","[]","[]"
"R24V34JJ8TIORE","Tori","https://www.amazon.com/gp/profile/amzn1.account.AEAGAPRQAHIXL6XUUL3JRK6DEAFA/ref=cm_cr_arp_d_gw_btm?ie=UTF8","4","","https://www.amazon.com/gp/customer-reviews/R24V34JJ8TIORE/ref=cm_cr_arp_d_rvw_ttl?ie=UTF8&ASIN=B09V5NPHP3","B09V5NPHP3","This vacuum is a little smaller than I anticipated but it‚Äôs incredibly lightweight, powerful suction, and easy to assemble.<br><br>Cons - i don‚Äôt like where the cord gets wrapped up when not in use. Its a little weird trying to wrap it . Also wish the cord was a little longer.","Reviewed in the United States on June 6, 2024","","Verified Purchase","3 people found this helpful","","","[]","[]"
"R1WW9STKU5B0TZ","Piper","https://www.amazon.com/gp/profile/amzn1.account.AGSCKGCWDKS7VSMIP3YVJ32MYLQQ/ref=cm_cr_arp_d_gw_btm?ie=UTF8","4","","https://www.amazon.com/gp/customer-reviews/R1WW9STKU5B0TZ/ref=cm_cr_arp_d_rvw_ttl?ie=UTF8&ASIN=B09V5NPHP3","B09V5NPHP3","Lightweight and good suction.  Not a heavy duty vacuum, but perfect for routine cleaning.","Reviewed in the United States on July 3, 2024","","Verified Purchase","","","","[]","[]"
"R1T464BBRD71D4","vinit","https://www.amazon.com/gp/profile/amzn1.account.AGQCKYRQ7OSWWFSYX5GJFLRMD7TA/ref=cm_cr_arp_d_gw_btm?ie=UTF8","5","","https://www.amazon.com/gp/customer-reviews/R1T464BBRD71D4/ref=cm_cr_arp_d_rvw_ttl?ie=UTF8&ASIN=B09V5NPHP3","B09V5NPHP3","I had a small vacuum cleaner before this and after cleaning every week from that I got this much dirt from carpet. This is very handy and powerful","Reviewed in the United States on July 4, 2024","","Verified Purchase","","","","[""https://m.media-amazon.com/images/I/71boazRNi0L._SY88.jpg""]","[""https://m.media-amazon.com/images/I/71boazRNi0L.jpg""]"
"RCC5DMQEXM1KY","Mr. Schneebly ","https://www.amazon.com/gp/profile/amzn1.account.AG5GIPW6SZIYNGZ5XATK2N2YRHVQ/ref=cm_cr_arp_d_gw_btm?ie=UTF8","5","","https://www.amazon.com/gp/customer-reviews/RCC5DMQEXM1KY/ref=cm_cr_arp_d_rvw_ttl?ie=UTF8&ASIN=B09V5NPHP3","B09V5NPHP3","My other vacuum just like this one gave out after a year running smoothly...Probably an easy fix but I just ended up getting a new one. Love it!","Reviewed in the United States on June 30, 2024","","Verified Purchase","","","","[]","[]"
"RSGRT1B26HC22","allison","https://www.amazon.com/gp/profile/amzn1.account.AGNQOIWFCUODQBFDOEVMNSPMA4QQ/ref=cm_cr_arp_d_gw_btm?ie=UTF8","5","","https://www.amazon.com/gp/customer-reviews/RSGRT1B26HC22/ref=cm_cr_arp_d_rvw_ttl?ie=UTF8&ASIN=B09V5NPHP3","B09V5NPHP3","Small but mighty. Definitely worth the price. Has really good suction and does a great job considering how small it is. Not unhappy with this vacuum at all","Reviewed in the United States on July 3, 2024","","Verified Purchase","","","","[]","[]"
"R24B07TWIN3VKS","gayle farrell","https://www.amazon.com/gp/profile/amzn1.account.AETVHOXMMVZIOMI3EQKYBHISFXQQ/ref=cm_cr_arp_d_gw_btm?ie=UTF8","4","","https://www.amazon.com/gp/customer-reviews/R24B07TWIN3VKS/ref=cm_cr_arp_d_rvw_ttl?ie=UTF8&ASIN=B09V5NPHP3","B09V5NPHP3","This vacuum is a very basic piece for. a small space - - apts or dorm rooms.  It is compact and easy to assemble.  The pieces click in place, no problem. The vacuum is lightweight and the pieces are not really robust (be aware) but it does the job. The suction is GREAT - - picked up everything without fail. Easy to empty and clean.  I also used the attachment to extend the reach of the unit and lost no suction power in the process.  This vacuum was very economical for the budget and I. would recommend it to interested parties.","Reviewed in the United States on May 18, 2024","","Verified Purchase","41 people found this helpful","","","[]","[]"
"R3FP3JFXC7QILF","Bluecat","https://www.amazon.com/gp/profile/amzn1.account.AHQRMY3WQGKJYMUJZIF5A3LDXLAA/ref=cm_cr_arp_d_gw_btm?ie=UTF8","5","","https://www.amazon.com/gp/customer-reviews/R3FP3JFXC7QILF/ref=cm_cr_arp_d_rvw_ttl?ie=UTF8&ASIN=B09V5NPHP3","B09V5NPHP3","I needed a light easy to use one to carry up my stairs and do 2 bedrooms this inexpensive one worked great. The heavy one stays downstairs now.","Reviewed in the United States on June 14, 2024","","Verified Purchase","","","","[]","[]"
"R21EAC9IP882V8","Michael Martin","https://www.amazon.com/gp/profile/amzn1.account.AGE43TKSHR3GPXRMOF52TJOVA5OA/ref=cm_cr_arp_d_gw_btm?ie=UTF8","5","","https://www.amazon.com/gp/customer-reviews/R21EAC9IP882V8/ref=cm_cr_arp_d_rvw_ttl?ie=UTF8&ASIN=B09V5NPHP3","B09V5NPHP3","I'm amazed at the amount of dirt that it picked up the first time I used it. More power and easier use than my last vacume","Reviewed in the United States on July 7, 2024","","Verified Purchase","","","","[]","[]"
"R2QIXCJZC1CHK7","Abby Dub√≥n","https://www.amazon.com/gp/profile/amzn1.account.AHIAKFPTOY6CLXJLBQKWSYX64E2A/ref=cm_cr_arp_d_gw_btm?ie=UTF8","5","","https://www.amazon.com/gp/customer-reviews/R2QIXCJZC1CHK7/ref=cm_cr_arp_d_rvw_ttl?ie=UTF8&ASIN=B09V5NPHP3","B09V5NPHP3","Estoy encanta con ella ya que me ayud√≥ mucho con la limpieza de mi apartamento tanto para piso como para la alfombra, 100% recomendado üëå","Reviewed in the United States on June 29, 2024","","Verified Purchase","","","","[""https://m.media-amazon.com/images/I/61J3nbFNCuL._SY88.jpg""]","[""https://m.media-amazon.com/images/I/61J3nbFNCuL.jpg""]"
"RM73TDFWDI74Q","Was not impressed &amp; when I showed it to one of my daughters, she wasn't either. Not what I expected. ","https://www.amazon.com/gp/profile/amzn1.account.AGM5SVF5LZXXPKG2ZTMHVZ2HBYWA/ref=cm_cr_arp_d_gw_btm?ie=UTF8","5","","https://www.amazon.com/gp/customer-reviews/RM73TDFWDI74Q/ref=cm_cr_arp_d_rvw_ttl?ie=UTF8&ASIN=B09V5NPHP3","B09V5NPHP3","I tried it &amp; I liked it! Not a ""too much of a hassle vacuum""! I'm a simply kind of girl; give me simple! üòÑüòä","Reviewed in the United States on June 24, 2024","","Verified Purchase","","","","[]","[]"
"R33ZM4BZB8Y48E","Dee","https://www.amazon.com/gp/profile/amzn1.account.AHUG3GBL4DO7MWUF77FRHRDVTO6Q/ref=cm_cr_arp_d_gw_btm?ie=UTF8","5","","https://www.amazon.com/gp/customer-reviews/R33ZM4BZB8Y48E/ref=cm_cr_arp_d_rvw_ttl?ie=UTF8&ASIN=B09V5NPHP3","B09V5NPHP3","This is a smaller (narrower) vacuum that works excellently. I'd agree that this vacuum is better suited to smaller rooms. There Is a lot of cleaning power.","Reviewed in the United States on June 13, 2024","","Verified Purchase","","","","[]","[]"
"R2H8UO02I7NDKN","Dawna Matthew","https://www.amazon.com/gp/profile/amzn1.account.AECPQRXEVUZU2HDJXUK7UTMCYZFA/ref=cm_cr_arp_d_gw_btm?ie=UTF8","5","","https://www.amazon.com/gp/customer-reviews/R2H8UO02I7NDKN/ref=cm_cr_arp_d_rvw_ttl?ie=UTF8&ASIN=B09V5NPHP3","B09V5NPHP3","Love! I live in a small studio apartment and is the perfect size and lightweight. Great suction, does the job! Very happy with my purchase.","Reviewed in the United States on June 18, 2024","","Verified Purchase","","","","[]","[]"
"R3N4JOV48HXQW4","Anna Kaiser","https://www.amazon.com/gp/profile/amzn1.account.AGF6SPACEK5REA7L6QHWAI6GB5MA/ref=cm_cr_arp_d_gw_btm?ie=UTF8","4","","https://www.amazon.com/gp/customer-reviews/R3N4JOV48HXQW4/ref=cm_cr_arp_d_rvw_ttl?ie=UTF8&ASIN=B09V5NPHP3","B09V5NPHP3","Bissell is a very good product but I was disappointed it doesn‚Äôt have a carpet height adjuster. It‚Äôs also pretty loud; but a very good vacuum overall.","Reviewed in the United States on May 28, 2024","","Verified Purchase","","","","[]","[]"
"R3SI5XDUR5SO16","Tamsentials","https://www.amazon.com/gp/profile/amzn1.account.AEKRP2WQR725YSU2OAHTVMBHXSAQ/ref=cm_cr_arp_d_gw_btm?ie=UTF8","5","","https://www.amazon.com/gp/customer-reviews/R3SI5XDUR5SO16/ref=cm_cr_arp_d_rvw_ttl?ie=UTF8&ASIN=B09V5NPHP3","B09V5NPHP3","Sucks up a lot of dust and hair on the wood/laminar floors.<br>I use it on rugs too and it's pretty decent as well.?","Reviewed in the United States on June 26, 2024","","Verified Purchase","","","","[]","[]"
"R26P8JIUFB1CHU","Paula J Jackson","https://www.amazon.com/gp/profile/amzn1.account.AFQ3IPGY32USH3BARSE3XWADISEA/ref=cm_cr_arp_d_gw_btm?ie=UTF8","4","","https://www.amazon.com/gp/customer-reviews/R26P8JIUFB1CHU/ref=cm_cr_arp_d_rvw_ttl?ie=UTF8&ASIN=B09V5NPHP3","B09V5NPHP3","It works ok just really small","Reviewed in the United States on June 25, 2024","","Verified Purchase","","","","[]","[]"
"RDORM6FEJZ6TN","Amazon Customer","https://www.amazon.com/gp/profile/amzn1.account.AHTFMWQWTNR3RCFVEVE7JRKZLNAA/ref=cm_cr_arp_d_gw_btm?ie=UTF8","4","","https://www.amazon.com/gp/customer-reviews/RDORM6FEJZ6TN/ref=cm_cr_arp_d_rvw_ttl?ie=UTF8&ASIN=B09V5NPHP3","B09V5NPHP3","Light weight does the job<br>Price","Reviewed in the United States on June 18, 2024","","Verified Purchase","","","","[]","[]"
"R1NLCFU49JK5PR","L Bonne","https://www.amazon.com/gp/profile/amzn1.account.AH32EGRG7SCWNDMTHRWQT2UHLLGA/ref=cm_cr_arp_d_gw_btm?ie=UTF8","5","","https://www.amazon.com/gp/customer-reviews/R1NLCFU49JK5PR/ref=cm_cr_arp_d_rvw_ttl?ie=UTF8&ASIN=B09V5NPHP3","B09V5NPHP3","Got tired of lugging my heavy, clumsy, inefficient vacuum around the house. This Bissel vac is so easy to maneuver and really has fantastic suction.  Am very glad I bought it","Reviewed in the United States on June 4, 2024","","Verified Purchase","","","","[]","[]"
"R361MJHWONB02F","Brittany","https://www.amazon.com/gp/profile/amzn1.account.AETWE4BBLVXIOSNMEGH5S3AMOETA/ref=cm_cr_arp_d_gw_btm?ie=UTF8","4","","https://www.amazon.com/gp/customer-reviews/R361MJHWONB02F/ref=cm_cr_arp_d_rvw_ttl?ie=UTF8&ASIN=B09V5NPHP3","B09V5NPHP3","I received this vacuum today and it was much smaller than expected. The handle snaps in and it is plastic which feels a bit flimsy so we will see how it holds up in time BUT it has great suction. It has a short hose but the handle comes off and can be attached to the hose. I don't need a long hose so it wasn't a concern to me. I vacuumed yesterday and so I thought I'd vacuum again to see the difference in ability and I picked up WAY too much dirt off of a ""clean"" floor with this new vacuum. I also love that the company donates to pets. So far I'm very pleased with my purchase and I would buy it again.","Reviewed in the United States on April 2, 2024","","Verified Purchase","7 people found this helpful","","","[]","[]"
"R16TAKMUG3AOWJ","Annie","https://www.amazon.com/gp/profile/amzn1.account.AEC6PDI6YEPQFFZ2MDYHELS7756A/ref=cm_cr_arp_d_gw_btm?ie=UTF8","5","","https://www.amazon.com/gp/customer-reviews/R16TAKMUG3AOWJ/ref=cm_cr_arp_d_rvw_ttl?ie=UTF8&ASIN=B09V5NPHP3","B09V5NPHP3","Completely surprised by this little vacuum.  Lightweight but works like a much bigger and expensive vacuum.  Shocked at the fabulous value.  The suction is amazing, easy to empty, easy to maneuver, has 2 basic attachments.  Excellent vacuum and value.","Reviewed in the United States on June 21, 2024","","Verified Purchase","","","","[]","[]"
"R2W3HPEHQLI5Y6","Ms Monroe","https://www.amazon.com/gp/profile/amzn1.account.AEM5ALHE7XQ2IZUQVXVRV3B76ZGQ/ref=cm_cr_arp_d_gw_btm?ie=UTF8","5","","https://www.amazon.com/gp/customer-reviews/R2W3HPEHQLI5Y6/ref=cm_cr_arp_d_rvw_ttl?ie=UTF8&ASIN=B09V5NPHP3","B09V5NPHP3","Needed to replace our failing vacuum that was heavy and bulky.  This vacuum is great!  Easy to assemble, simply place handle on the device, super lightweight and alot of suction power. It is the best vacuum I have had.","Reviewed in the United States on June 25, 2024","","Verified Purchase","","","","[]","[]"
"RFRO4U9ONKXNZ","Good quality, wrong color","https://www.amazon.com/gp/profile/amzn1.account.AGG3RWA6QLU64JYWC6FPJ6DCDMRA/ref=cm_cr_arp_d_gw_btm?ie=UTF8","5","","https://www.amazon.com/gp/customer-reviews/RFRO4U9ONKXNZ/ref=cm_cr_arp_d_rvw_ttl?ie=UTF8&ASIN=B09V5NPHP3","B09V5NPHP3","I got the cheapest vacuum (red) and it is awesome! Picks up dog hair well on carpet and love the hose attached.","Reviewed in the United States on June 23, 2024","","Verified Purchase","One person found this helpful","","","[]","[]"
"R1W6YT9NMXT8OE","Amazon Customer","https://www.amazon.com/gp/profile/amzn1.account.AENEL6NFENPOSXGOFN23KJ662VWQ/ref=cm_cr_arp_d_gw_btm?ie=UTF8","5","","https://www.amazon.com/gp/customer-reviews/R1W6YT9NMXT8OE/ref=cm_cr_arp_d_rvw_ttl?ie=UTF8&ASIN=B09V5NPHP3","B09V5NPHP3","Very easy to assemble, lightweight and does have incredible suction for a smaller vacuum cleaner. Also has a long cord length.","Reviewed in the United States on July 4, 2024","","Verified Purchase","","","","[]","[]"
"R2CY89E46CDLAX","Linda P.","https://www.amazon.com/gp/profile/amzn1.account.AFFEYIOJMVSF5GF4N3JK725ADBKA/ref=cm_cr_arp_d_gw_btm?ie=UTF8","4","","https://www.amazon.com/gp/customer-reviews/R2CY89E46CDLAX/ref=cm_cr_arp_d_rvw_ttl?ie=UTF8&ASIN=B09V5NPHP3","B09V5NPHP3","Becareful when you empty dirt bin.. the latch easily comes undone..<br>Everything spills out..<br>Just tape it shut.. before you begin<br><br>Other wise .. a perfect buy","Reviewed in the United States on June 23, 2024","","Verified Purchase","One person found this helpful","","","[]","[]"
"R1SQ7O41XQ1T3","Rose","https://www.amazon.com/gp/profile/amzn1.account.AEENMFOXM25EPNL6QQWBU2TJICRQ/ref=cm_cr_arp_d_gw_btm?ie=UTF8","5","","https://www.amazon.com/gp/customer-reviews/R1SQ7O41XQ1T3/ref=cm_cr_arp_d_rvw_ttl?ie=UTF8&ASIN=B09V5NPHP3","B09V5NPHP3","This is lightweight vacuum cleaner to go up and down the stairs.  Even though it is small, it works great.","Reviewed in the United States on July 6, 2024","","Verified Purchase","","","","[]","[]"
"R247TJP0481SZY","Marie","https://www.amazon.com/gp/profile/amzn1.account.AH7YX37VFY4EZYMMBS6AMAXC4TSQ/ref=cm_cr_arp_d_gw_btm?ie=UTF8","5","","https://www.amazon.com/gp/customer-reviews/R247TJP0481SZY/ref=cm_cr_arp_d_rvw_ttl?ie=UTF8&ASIN=B09V5NPHP3","B09V5NPHP3","For the price this little vacuum dose pretty good in vacuuming up dog hair üòÄ im surprised. It's very light wt, small, easy to use, the look is a little flimsy, but hey, it does the job. I just can't afford anything else.","Reviewed in the United States on June 10, 2024","","Verified Purchase","One person found this helpful","","","[]","[]"
"R2N0JYAEH7X86","The Great 1","https://www.amazon.com/gp/profile/amzn1.account.AGCGLQWXE6UFUSNVDK6Y2N4VWVTQ/ref=cm_cr_arp_d_gw_btm?ie=UTF8","4","","https://www.amazon.com/gp/customer-reviews/R2N0JYAEH7X86/ref=cm_cr_arp_d_rvw_ttl?ie=UTF8&ASIN=B09V5NPHP3","B09V5NPHP3","For tightly woven carpets, this vacuum is very powerful.  If you have fluffy carpets and rugs this vacuum will each out patches in them making significant bald spots.  Thank goodness my carpet is very tightly woven, but not such for my bathroom rugs.  It ate up patches of fibers  in all of them. PLEASE DO NOT change the the power of the suction as this is one of the best vacuums I have purchased in very long time that have such powerful suction, but I would really caution consumers to not use on loosely woven, fluffy, mohair, etc. type carpets as it will destroy it.","Reviewed in the United States on May 5, 2024","","Verified Purchase","3 people found this helpful","","","[]","[]"
"R1C8HBDTQQ9HKL","Jaynie","https://www.amazon.com/gp/profile/amzn1.account.AEDYDLQQWZLAW7B3HNIHV527WNRQ/ref=cm_cr_arp_d_gw_btm?ie=UTF8","5","","https://www.amazon.com/gp/customer-reviews/R1C8HBDTQQ9HKL/ref=cm_cr_arp_d_rvw_ttl?ie=UTF8&ASIN=B09V5NPHP3","B09V5NPHP3","I'm glad I listened to the reviews with this purchase because this vacuum has impressed me. The suction is so strong and surprising considering the height of the vacuum. It's lightweight, but sucks up strong. I used my prior vacuum the day before using this one and the amount of lent and stuff that came up with the new vacuum is eye-opening. Definitely recommend!","Reviewed in the United States on June 9, 2024","","Verified Purchase","","","","[]","[]"
"RY7WMBKGW0YY6","Clb","https://www.amazon.com/gp/profile/amzn1.account.AEKOXJNDOJJWYULH6GINS5WVCZ6A/ref=cm_cr_arp_d_gw_btm?ie=UTF8","5","","https://www.amazon.com/gp/customer-reviews/RY7WMBKGW0YY6/ref=cm_cr_arp_d_rvw_ttl?ie=UTF8&ASIN=B09V5NPHP3","B09V5NPHP3","This is a great little vacuum - the suction is good, picks up a lot, light and easy to use.","Reviewed in the United States on July 6, 2024","","Verified Purchase","","","","[]","[]"
"R211SGZPLFUOLD","Amaura","https://www.amazon.com/gp/profile/amzn1.account.AHYTU3IOFM5JHAQ4E2QKRSC75TTQ/ref=cm_cr_arp_d_gw_btm?ie=UTF8","4","","https://www.amazon.com/gp/customer-reviews/R211SGZPLFUOLD/ref=cm_cr_arp_d_rvw_ttl?ie=UTF8&ASIN=B09V5NPHP3","B09V5NPHP3","I wanted a vacuum that would easily pick up pet hair and it does that. Really small so it goes to max after a room or two. Also small cord, you'll have to unplug and plug often. Easy to dump out dust/dirt. We just needed something small so this works amazing for us.","Reviewed in the United States on June 4, 2024","","Verified Purchase","2 people found this helpful","","","[]","[]"
"R36RMFLJZGPZ5","Veronica H.","https://www.amazon.com/gp/profile/amzn1.account.AGXS7FDMP7JUPDXFX5FPRM6B2SMQ/ref=cm_cr_arp_d_gw_btm?ie=UTF8","5","","https://www.amazon.com/gp/customer-reviews/R36RMFLJZGPZ5/ref=cm_cr_arp_d_rvw_ttl?ie=UTF8&ASIN=B09V5NPHP3","B09V5NPHP3","I love this vacuum. It sucked up cat hair and dirt that I did not even see. My only grip is, it‚Äôs a little hard to push on my shag rug. But the rest of the house, it is prefect. I recommend this vacuum and I would buy it again. The price is right and it gets the job done in a flash.","Reviewed in the United States on June 11, 2024","","Verified Purchase","","","","[]","[]"
"R1X2VVKLZCD78M","Michael Bradford","https://www.amazon.com/gp/profile/amzn1.account.AEVKVIOFA5TYZ3QY43CNUH6L2TXQ/ref=cm_cr_arp_d_gw_btm?ie=UTF8","5","","https://www.amazon.com/gp/customer-reviews/R1X2VVKLZCD78M/ref=cm_cr_arp_d_rvw_ttl?ie=UTF8&ASIN=B09V5NPHP3","B09V5NPHP3","I'm used to high quality vacuums and although this is not high quality it is well priced and definitely has some power to it. I don't see it lasting a significant amount of time but I think it'll last long enough to get it my money's worth out of it.","Reviewed in the United States on June 20, 2024","","Verified Purchase","","","","[]","[]"